Transaction_ID,Date,Customer_ID,Customer_Name,Account_Type,Transaction_Type,Amount,Branch,Channel,Loan_Status,Credit_Score
1001,2024-01-01,2102,Customer_0,Credit,Debit,45784.87,Mumbai,ATM,Pending,461
1002,2024-01-02,2435,Customer_1,Current,Debit,18438.5,Chennai,Online,Approved,646
1003,2024-01-03,2860,Customer_2,Current,Debit,29239.12,Chennai,Bank,Rejected,660
1004,2024-01-04,2270,Customer_3,Credit,Debit,31797.08,Delhi,Online,Pending,883
1005,2024-01-05,2106,Customer_4,Current,Debit,1148.18,Delhi,Online,Rejected,386
1006,2024-01-06,2071,Customer_5,Credit,Credit,33345.1,Mumbai,ATM,Rejected,561
1007,2024-01-07,2700,Customer_6,Current,Debit,9312.78,Chennai,Bank,Rejected,513
1008,2024-01-08,2020,Customer_7,Credit,Debit,48072.98,Chennai,ATM,Rejected,872
1009,2024-01-09,2614,Customer_8,Credit,Credit,7858.81,Delhi,ATM,Pending,561
1010,2024-01-10,2121,Customer_9,Current,Credit,21023.89,Chennai,Bank,Pending,582
1011,2024-01-11,2466,Customer_10,Current,Credit,4724.81,Kolkata,Bank,Pending,766
1012,2024-01-12,2214,Customer_11,Current,Credit,49845.28,Delhi,Online,Approved,679
1013,2024-01-13,2330,Customer_12,Savings,Credit,25358.65,Mumbai,Bank,Pending,661
1014,2024-01-14,2458,Customer_13,Savings,Credit,29971.56,Delhi,Online,Rejected,748
1015,2024-01-15,2087,Customer_14,Savings,Credit,3820.29,Chennai,Online,Pending,740
1016,2024-01-16,2372,Customer_15,Credit,Debit,37623.04,Mumbai,Online,Rejected,392
1017,2024-01-17,2099,Customer_16,Current,Debit,10890.33,Delhi,Bank,Approved,723
1018,2024-01-18,2871,Customer_17,Credit,Credit,44953.69,Kolkata,ATM,Rejected,441
1019,2024-01-19,2663,Customer_18,Savings,Debit,10654.41,Kolkata,Online,Rejected,590
1020,2024-01-20,2130,Customer_19,Current,Debit,9939.04,Delhi,ATM,Rejected,731
1021,2024-01-21,2661,Customer_20,Credit,Debit,2309.21,Kolkata,ATM,Approved,348
1022,2024-01-22,2308,Customer_21,Current,Credit,23867.31,Kolkata,Bank,Pending,601
1023,2024-01-23,2769,Customer_22,Credit,Credit,28459.64,Kolkata,ATM,Pending,489
1024,2024-01-24,2343,Customer_23,Current,Debit,3752.58,Mumbai,ATM,Approved,435
1025,2024-01-25,2491,Customer_24,Savings,Credit,38888.62,Kolkata,Bank,Rejected,854
1026,2024-01-26,2413,Customer_25,Savings,Debit,22937.8,Kolkata,Online,Pending,703
1027,2024-01-27,2805,Customer_26,Current,Debit,26457.32,Kolkata,ATM,Approved,640
1028,2024-01-28,2385,Customer_27,Credit,Debit,22317.76,Mumbai,Bank,Pending,617
1029,2024-01-29,2191,Customer_28,Savings,Debit,20337.77,Delhi,ATM,Approved,662
1030,2024-01-30,2955,Customer_29,Savings,Credit,28202.2,Chennai,ATM,Rejected,681
1031,2024-01-31,2276,Customer_30,Savings,Credit,8184.39,Kolkata,Online,Pending,532
1032,2024-02-01,2160,Customer_31,Current,Credit,9505.44,Delhi,ATM,Approved,643
1033,2024-02-02,2459,Customer_32,Current,Debit,43158.39,Kolkata,Bank,Pending,848
1034,2024-02-03,2313,Customer_33,Credit,Credit,47332.72,Mumbai,ATM,Pending,852
1035,2024-02-04,2021,Customer_34,Credit,Debit,18978.81,Delhi,Online,Pending,828
1036,2024-02-05,2252,Customer_35,Credit,Credit,13901.86,Mumbai,Online,Pending,870
1037,2024-02-06,2747,Customer_36,Current,Debit,32377.98,Kolkata,Bank,Approved,482
1038,2024-02-07,2856,Customer_37,Current,Debit,20732.34,Kolkata,Online,Rejected,340
1039,2024-02-08,2560,Customer_38,Credit,Debit,1756.62,Mumbai,ATM,Approved,850
1040,2024-02-09,2474,Customer_39,Credit,Credit,8229.55,Chennai,Online,Approved,696
1041,2024-02-10,2058,Customer_40,Current,Credit,35940.63,Mumbai,Bank,Approved,793
1042,2024-02-11,2510,Customer_41,Credit,Credit,33116.74,Kolkata,Online,Rejected,632
1043,2024-02-12,2681,Customer_42,Savings,Credit,1841.25,Mumbai,Online,Pending,426
1044,2024-02-13,2475,Customer_43,Current,Debit,11487.62,Chennai,Online,Pending,857
1045,2024-02-14,2699,Customer_44,Credit,Credit,11938.2,Mumbai,Bank,Pending,856
1046,2024-02-15,2975,Customer_45,Current,Credit,33758.69,Chennai,Online,Rejected,300
1047,2024-02-16,2782,Customer_46,Savings,Debit,1475.67,Chennai,Online,Pending,467
1048,2024-02-17,2189,Customer_47,Current,Debit,5653.37,Mumbai,ATM,Rejected,318
1049,2024-02-18,2957,Customer_48,Current,Debit,40095.85,Mumbai,Bank,Pending,631
1050,2024-02-19,2686,Customer_49,Current,Credit,9337.96,Delhi,Online,Pending,883
1051,2024-02-20,2957,Customer_50,Current,Debit,32810.93,Kolkata,Bank,Approved,755
1052,2024-02-21,2562,Customer_51,Savings,Debit,12290.05,Chennai,Online,Rejected,408
1053,2024-02-22,2875,Customer_52,Current,Debit,5422.35,Delhi,Online,Approved,567
1054,2024-02-23,2566,Customer_53,Current,Credit,12537.02,Mumbai,Online,Approved,744
1055,2024-02-24,2243,Customer_54,Credit,Debit,36252.21,Kolkata,ATM,Approved,539
1056,2024-02-25,2831,Customer_55,Current,Credit,42856.98,Delhi,ATM,Rejected,600
1057,2024-02-26,2504,Customer_56,Credit,Credit,41595.88,Chennai,ATM,Rejected,402
1058,2024-02-27,2130,Customer_57,Savings,Debit,20160.58,Delhi,Bank,Pending,549
1059,2024-02-28,2484,Customer_58,Savings,Debit,33570.21,Chennai,Bank,Approved,752
1060,2024-02-29,2818,Customer_59,Savings,Credit,10646.72,Mumbai,ATM,Pending,819
1061,2024-03-01,2646,Customer_60,Savings,Debit,15010.81,Kolkata,Bank,Approved,452
1062,2024-03-02,2020,Customer_61,Credit,Debit,44868.62,Kolkata,Online,Rejected,473
1063,2024-03-03,2840,Customer_62,Current,Credit,1143.6,Kolkata,Online,Rejected,642
1064,2024-03-04,2166,Customer_63,Savings,Credit,4732.67,Mumbai,Online,Rejected,730
1065,2024-03-05,2273,Customer_64,Current,Debit,10790.37,Chennai,ATM,Approved,623
1066,2024-03-06,2387,Customer_65,Credit,Credit,1813.34,Mumbai,Bank,Rejected,719
1067,2024-03-07,2600,Customer_66,Credit,Debit,9481.05,Kolkata,ATM,Approved,893
1068,2024-03-08,2315,Customer_67,Credit,Debit,29360.56,Mumbai,Bank,Pending,784
1069,2024-03-09,2013,Customer_68,Savings,Debit,21360.52,Mumbai,Online,Approved,711
1070,2024-03-10,2241,Customer_69,Current,Credit,44687.25,Mumbai,ATM,Pending,383
1071,2024-03-11,2776,Customer_70,Current,Debit,40963.46,Chennai,Bank,Approved,412
1072,2024-03-12,2345,Customer_71,Current,Debit,17419.96,Delhi,Bank,Pending,631
1073,2024-03-13,2564,Customer_72,Credit,Debit,13341.46,Delhi,Online,Rejected,677
1074,2024-03-14,2897,Customer_73,Savings,Credit,19294.77,Mumbai,ATM,Pending,340
1075,2024-03-15,2339,Customer_74,Credit,Credit,29719.6,Delhi,ATM,Rejected,404
1076,2024-03-16,2091,Customer_75,Credit,Credit,13769.15,Delhi,ATM,Rejected,501
1077,2024-03-17,2366,Customer_76,Current,Credit,31395.37,Mumbai,Online,Pending,749
1078,2024-03-18,2955,Customer_77,Credit,Credit,20765.88,Mumbai,ATM,Approved,565
1079,2024-03-19,2454,Customer_78,Current,Debit,27826.34,Kolkata,Online,Approved,509
1080,2024-03-20,2427,Customer_79,Savings,Credit,22088.26,Delhi,Online,Approved,862
1081,2024-03-21,2508,Customer_80,Current,Credit,15076.06,Chennai,Online,Approved,417
1082,2024-03-22,2775,Customer_81,Savings,Credit,47448.44,Mumbai,Bank,Approved,676
1083,2024-03-23,2942,Customer_82,Current,Debit,38298.49,Kolkata,ATM,Rejected,850
1084,2024-03-24,2034,Customer_83,Credit,Credit,7435.6,Chennai,ATM,Approved,839
1085,2024-03-25,2205,Customer_84,Credit,Credit,43489.16,Delhi,Online,Rejected,383
1086,2024-03-26,2080,Customer_85,Savings,Debit,24627.84,Kolkata,Online,Rejected,753
1087,2024-03-27,2931,Customer_86,Savings,Credit,44780.34,Mumbai,ATM,Rejected,813
1088,2024-03-28,2561,Customer_87,Savings,Debit,40092.84,Chennai,Online,Pending,686
1089,2024-03-29,2871,Customer_88,Current,Debit,21548.07,Mumbai,ATM,Pending,649
1090,2024-03-30,2387,Customer_89,Current,Debit,1612.23,Delhi,Bank,Rejected,595
1091,2024-03-31,2001,Customer_90,Savings,Debit,13799.53,Chennai,Online,Pending,557
1092,2024-04-01,2389,Customer_91,Credit,Debit,27310.89,Delhi,ATM,Approved,380
1093,2024-04-02,2565,Customer_92,Current,Credit,31857.17,Delhi,Online,Approved,567
1094,2024-04-03,2105,Customer_93,Current,Debit,13265.44,Kolkata,ATM,Rejected,718
1095,2024-04-04,2771,Customer_94,Current,Debit,7398.13,Mumbai,ATM,Approved,534
1096,2024-04-05,2821,Customer_95,Savings,Credit,41829.05,Chennai,Online,Rejected,610
1097,2024-04-06,2476,Customer_96,Savings,Debit,49227.91,Delhi,Bank,Rejected,656
1098,2024-04-07,2702,Customer_97,Savings,Credit,26521.66,Delhi,ATM,Approved,512
1099,2024-04-08,2401,Customer_98,Savings,Credit,8998.12,Chennai,ATM,Pending,873
1100,2024-04-09,2729,Customer_99,Savings,Credit,13979.21,Delhi,ATM,Approved,348
1101,2024-04-10,2555,Customer_100,Credit,Debit,1410.34,Kolkata,Bank,Approved,426
1102,2024-04-11,2161,Customer_101,Credit,Debit,45757.79,Kolkata,Bank,Rejected,522
1103,2024-04-12,2201,Customer_102,Savings,Debit,6328.68,Kolkata,Online,Rejected,578
1104,2024-04-13,2957,Customer_103,Current,Credit,29037.57,Kolkata,Bank,Rejected,707
1105,2024-04-14,2995,Customer_104,Savings,Debit,14065.73,Delhi,Online,Rejected,804
1106,2024-04-15,2269,Customer_105,Credit,Debit,27931.81,Chennai,Online,Pending,593
1107,2024-04-16,2862,Customer_106,Credit,Debit,32745.31,Chennai,Bank,Pending,576
1108,2024-04-17,2815,Customer_107,Current,Credit,41572.22,Chennai,Online,Pending,737
1109,2024-04-18,2270,Customer_108,Credit,Credit,10717.85,Chennai,Bank,Rejected,406
1110,2024-04-19,2455,Customer_109,Savings,Debit,1044.29,Mumbai,Online,Rejected,719
1111,2024-04-20,2461,Customer_110,Current,Debit,7275.84,Chennai,Bank,Rejected,728
1112,2024-04-21,2726,Customer_111,Savings,Debit,45050.92,Mumbai,Bank,Pending,674
1113,2024-04-22,2251,Customer_112,Savings,Debit,43757.56,Mumbai,Online,Rejected,372
1114,2024-04-23,2701,Customer_113,Current,Credit,30071.95,Kolkata,ATM,Approved,329
1115,2024-04-24,2295,Customer_114,Savings,Credit,30225.58,Mumbai,Online,Approved,487
1116,2024-04-25,2724,Customer_115,Credit,Credit,33419.32,Delhi,Bank,Rejected,663
1117,2024-04-26,2719,Customer_116,Savings,Credit,9180.88,Mumbai,ATM,Approved,750
1118,2024-04-27,2748,Customer_117,Current,Debit,45763.39,Kolkata,Online,Approved,494
1119,2024-04-28,2337,Customer_118,Current,Debit,21229.14,Mumbai,Online,Pending,455
1120,2024-04-29,2878,Customer_119,Current,Debit,19465.36,Delhi,Online,Rejected,471
1121,2024-04-30,2052,Customer_120,Savings,Credit,26186.43,Delhi,ATM,Rejected,340
1122,2024-05-01,2791,Customer_121,Current,Debit,2824.82,Delhi,Bank,Pending,362
1123,2024-05-02,2921,Customer_122,Current,Credit,8731.03,Kolkata,Online,Approved,322
1124,2024-05-03,2216,Customer_123,Savings,Credit,37032.66,Kolkata,Online,Approved,659
1125,2024-05-04,2763,Customer_124,Credit,Debit,4598.53,Chennai,Online,Rejected,374
1126,2024-05-05,2187,Customer_125,Savings,Debit,30356.03,Kolkata,Online,Approved,859
1127,2024-05-06,2379,Customer_126,Current,Debit,12644.78,Delhi,Online,Pending,417
1128,2024-05-07,2492,Customer_127,Current,Credit,19770.13,Delhi,Bank,Pending,679
1129,2024-05-08,2040,Customer_128,Savings,Debit,14790.34,Kolkata,Bank,Rejected,589
1130,2024-05-09,2156,Customer_129,Credit,Credit,18105.8,Mumbai,Online,Pending,739
1131,2024-05-10,2014,Customer_130,Current,Debit,36092.77,Kolkata,ATM,Pending,306
1132,2024-05-11,2812,Customer_131,Current,Credit,15207.52,Kolkata,Bank,Rejected,495
1133,2024-05-12,2064,Customer_132,Current,Credit,28537.03,Delhi,ATM,Pending,720
1134,2024-05-13,2856,Customer_133,Savings,Debit,24064.49,Chennai,Bank,Pending,867
1135,2024-05-14,2838,Customer_134,Current,Credit,33351.72,Delhi,Online,Pending,492
1136,2024-05-15,2520,Customer_135,Credit,Credit,46873.07,Chennai,Bank,Approved,858
1137,2024-05-16,2343,Customer_136,Current,Debit,36762.32,Delhi,Online,Rejected,447
1138,2024-05-17,2128,Customer_137,Current,Credit,11139.55,Kolkata,Bank,Rejected,501
1139,2024-05-18,2647,Customer_138,Credit,Debit,2043.57,Delhi,Online,Rejected,743
1140,2024-05-19,2471,Customer_139,Current,Credit,13482.07,Delhi,Online,Approved,718
1141,2024-05-20,2062,Customer_140,Savings,Debit,29956.36,Delhi,Online,Approved,726
1142,2024-05-21,2138,Customer_141,Savings,Debit,3045.58,Kolkata,Online,Rejected,778
1143,2024-05-22,2498,Customer_142,Savings,Credit,25070.13,Kolkata,ATM,Approved,774
1144,2024-05-23,2592,Customer_143,Credit,Credit,30043.72,Kolkata,Online,Rejected,425
1145,2024-05-24,2391,Customer_144,Current,Credit,17045.07,Kolkata,ATM,Approved,694
1146,2024-05-25,2674,Customer_145,Savings,Credit,38660.15,Chennai,ATM,Pending,875
1147,2024-05-26,2418,Customer_146,Credit,Credit,5776.61,Chennai,Online,Pending,624
1148,2024-05-27,2288,Customer_147,Current,Debit,4219.32,Mumbai,ATM,Rejected,691
1149,2024-05-28,2378,Customer_148,Credit,Credit,36545.34,Kolkata,Bank,Approved,739
1150,2024-05-29,2772,Customer_149,Savings,Debit,25026.82,Chennai,Online,Approved,503
1151,2024-05-30,2489,Customer_150,Savings,Debit,34575.92,Delhi,ATM,Pending,785
1152,2024-05-31,2230,Customer_151,Savings,Credit,22023.95,Kolkata,Online,Pending,330
1153,2024-06-01,2040,Customer_152,Credit,Debit,12696.9,Mumbai,Online,Approved,687
1154,2024-06-02,2027,Customer_153,Credit,Debit,41045.56,Mumbai,Online,Approved,733
1155,2024-06-03,2134,Customer_154,Savings,Debit,40071.09,Mumbai,ATM,Approved,675
1156,2024-06-04,2200,Customer_155,Credit,Debit,34887.48,Delhi,Bank,Approved,643
1157,2024-06-05,2839,Customer_156,Savings,Credit,13971.18,Chennai,Bank,Approved,742
1158,2024-06-06,2779,Customer_157,Savings,Debit,29716.42,Delhi,ATM,Approved,878
1159,2024-06-07,2929,Customer_158,Current,Credit,18368.21,Kolkata,Online,Rejected,374
1160,2024-06-08,2032,Customer_159,Credit,Credit,5033.31,Mumbai,ATM,Approved,856
1161,2024-06-09,2047,Customer_160,Savings,Debit,45907.02,Delhi,ATM,Pending,454
1162,2024-06-10,2502,Customer_161,Savings,Credit,7272.52,Delhi,ATM,Rejected,729
1163,2024-06-11,2406,Customer_162,Credit,Credit,47536.75,Chennai,Online,Approved,662
1164,2024-06-12,2573,Customer_163,Current,Credit,22577.29,Chennai,ATM,Pending,747
1165,2024-06-13,2727,Customer_164,Current,Debit,9664.08,Mumbai,Online,Rejected,533
1166,2024-06-14,2804,Customer_165,Savings,Credit,27324.1,Delhi,ATM,Pending,862
1167,2024-06-15,2098,Customer_166,Credit,Credit,43710.82,Delhi,Bank,Approved,561
1168,2024-06-16,2683,Customer_167,Current,Credit,36745.13,Chennai,ATM,Approved,424
1169,2024-06-17,2871,Customer_168,Credit,Debit,40424.78,Delhi,ATM,Approved,544
1170,2024-06-18,2725,Customer_169,Credit,Credit,33109.78,Delhi,Bank,Approved,841
1171,2024-06-19,2986,Customer_170,Savings,Debit,34767.69,Delhi,Online,Rejected,784
1172,2024-06-20,2546,Customer_171,Current,Debit,42535.18,Chennai,Online,Rejected,421
1173,2024-06-21,2960,Customer_172,Savings,Debit,12858.57,Mumbai,ATM,Pending,424
1174,2024-06-22,2738,Customer_173,Current,Debit,24726.54,Kolkata,Bank,Approved,848
1175,2024-06-23,2612,Customer_174,Current,Debit,11449.87,Mumbai,Online,Pending,469
1176,2024-06-24,2942,Customer_175,Current,Debit,49389.57,Kolkata,ATM,Rejected,423
1177,2024-06-25,2461,Customer_176,Current,Credit,47230.94,Delhi,Bank,Approved,334
1178,2024-06-26,2642,Customer_177,Current,Debit,2451.63,Mumbai,Online,Approved,386
1179,2024-06-27,2768,Customer_178,Credit,Credit,35425.97,Kolkata,Online,Rejected,500
1180,2024-06-28,2004,Customer_179,Savings,Credit,46299.79,Chennai,Bank,Rejected,668
1181,2024-06-29,2217,Customer_180,Credit,Debit,9438.48,Chennai,Bank,Rejected,376
1182,2024-06-30,2502,Customer_181,Current,Credit,28613.29,Mumbai,Bank,Rejected,358
1183,2024-07-01,2766,Customer_182,Savings,Credit,45816.67,Mumbai,Bank,Rejected,730
1184,2024-07-02,2397,Customer_183,Current,Credit,2180.33,Delhi,ATM,Approved,799
1185,2024-07-03,2870,Customer_184,Savings,Credit,35022.3,Mumbai,Bank,Rejected,408
1186,2024-07-04,2794,Customer_185,Credit,Debit,15218.78,Delhi,Online,Approved,577
1187,2024-07-05,2392,Customer_186,Savings,Credit,46257.61,Delhi,Online,Approved,367
1188,2024-07-06,2206,Customer_187,Savings,Debit,48567.38,Chennai,ATM,Rejected,368
1189,2024-07-07,2014,Customer_188,Savings,Credit,47241.19,Chennai,Online,Rejected,464
1190,2024-07-08,2857,Customer_189,Savings,Credit,23973.6,Kolkata,Online,Approved,788
1191,2024-07-09,2553,Customer_190,Savings,Debit,43171.11,Chennai,Bank,Rejected,604
1192,2024-07-10,2891,Customer_191,Current,Credit,42305.2,Chennai,Online,Rejected,664
1193,2024-07-11,2460,Customer_192,Savings,Credit,16295.47,Mumbai,ATM,Rejected,678
1194,2024-07-12,2690,Customer_193,Savings,Credit,41531.32,Chennai,Bank,Pending,642
1195,2024-07-13,2574,Customer_194,Credit,Debit,2331.88,Kolkata,Bank,Approved,853
1196,2024-07-14,2863,Customer_195,Savings,Credit,30015.36,Mumbai,ATM,Pending,653
1197,2024-07-15,2742,Customer_196,Credit,Debit,11885.44,Kolkata,Bank,Rejected,715
1198,2024-07-16,2240,Customer_197,Current,Credit,6468.06,Chennai,Bank,Pending,408
1199,2024-07-17,2563,Customer_198,Savings,Debit,4309.18,Kolkata,ATM,Rejected,862
1200,2024-07-18,2095,Customer_199,Credit,Debit,34966.29,Mumbai,Bank,Pending,796
1201,2024-07-19,2899,Customer_200,Credit,Credit,17323.81,Delhi,ATM,Rejected,640
1202,2024-07-20,2733,Customer_201,Current,Credit,36375.96,Kolkata,ATM,Pending,682
1203,2024-07-21,2484,Customer_202,Savings,Debit,3735.14,Kolkata,Online,Pending,832
1204,2024-07-22,2406,Customer_203,Savings,Debit,16106.87,Mumbai,Online,Pending,599
1205,2024-07-23,2230,Customer_204,Credit,Credit,27204.82,Mumbai,Bank,Approved,438
1206,2024-07-24,2748,Customer_205,Savings,Debit,39640.8,Kolkata,Bank,Pending,658
1207,2024-07-25,2654,Customer_206,Credit,Credit,16278.25,Chennai,ATM,Approved,798
1208,2024-07-26,2170,Customer_207,Savings,Credit,31481.62,Kolkata,Bank,Rejected,684
1209,2024-07-27,2540,Customer_208,Credit,Credit,44355.9,Mumbai,ATM,Pending,579
1210,2024-07-28,2035,Customer_209,Savings,Credit,30985.23,Delhi,ATM,Rejected,782
1211,2024-07-29,2524,Customer_210,Current,Debit,12031.49,Delhi,Bank,Rejected,410
1212,2024-07-30,2159,Customer_211,Savings,Credit,1707.84,Chennai,ATM,Pending,438
1213,2024-07-31,2838,Customer_212,Savings,Debit,43569.89,Kolkata,Online,Approved,734
1214,2024-08-01,2698,Customer_213,Current,Credit,1552.84,Delhi,Bank,Pending,808
1215,2024-08-02,2242,Customer_214,Savings,Debit,43797.73,Kolkata,Online,Rejected,572
1216,2024-08-03,2085,Customer_215,Current,Credit,26682.39,Mumbai,Bank,Rejected,398
1217,2024-08-04,2795,Customer_216,Savings,Debit,46983.85,Delhi,ATM,Pending,403
1218,2024-08-05,2577,Customer_217,Credit,Debit,40039.77,Chennai,Bank,Approved,513
1219,2024-08-06,2681,Customer_218,Credit,Credit,49897.74,Mumbai,Online,Approved,464
1220,2024-08-07,2556,Customer_219,Savings,Credit,17860.23,Chennai,ATM,Rejected,819
1221,2024-08-08,2573,Customer_220,Savings,Credit,38475.82,Mumbai,Bank,Rejected,583
1222,2024-08-09,2952,Customer_221,Savings,Credit,20395.58,Delhi,Bank,Approved,816
1223,2024-08-10,2645,Customer_222,Credit,Debit,24253.84,Chennai,Bank,Pending,463
1224,2024-08-11,2795,Customer_223,Savings,Credit,31561.52,Chennai,Online,Rejected,363
1225,2024-08-12,2027,Customer_224,Credit,Debit,43747.02,Mumbai,Online,Approved,390
1226,2024-08-13,2619,Customer_225,Current,Debit,49212.13,Chennai,Bank,Rejected,416
1227,2024-08-14,2555,Customer_226,Credit,Credit,38529.53,Mumbai,ATM,Pending,566
1228,2024-08-15,2339,Customer_227,Credit,Debit,21179.46,Mumbai,ATM,Approved,858
1229,2024-08-16,2797,Customer_228,Current,Debit,21357.17,Mumbai,Online,Rejected,439
1230,2024-08-17,2957,Customer_229,Credit,Debit,37010.32,Mumbai,ATM,Pending,545
1231,2024-08-18,2330,Customer_230,Savings,Debit,12319.47,Delhi,Online,Rejected,694
1232,2024-08-19,2639,Customer_231,Savings,Credit,5968.47,Mumbai,Bank,Pending,786
1233,2024-08-20,2505,Customer_232,Credit,Credit,18053.8,Kolkata,Online,Pending,775
1234,2024-08-21,2347,Customer_233,Savings,Credit,14718.33,Chennai,Online,Approved,816
1235,2024-08-22,2472,Customer_234,Credit,Credit,15167.25,Kolkata,Bank,Pending,483
1236,2024-08-23,2230,Customer_235,Savings,Debit,12063.58,Delhi,ATM,Rejected,319
1237,2024-08-24,2189,Customer_236,Savings,Debit,2583.61,Kolkata,Online,Pending,857
1238,2024-08-25,2224,Customer_237,Credit,Credit,1384.76,Chennai,Online,Pending,823
1239,2024-08-26,2384,Customer_238,Savings,Credit,49392.26,Kolkata,Bank,Approved,881
1240,2024-08-27,2376,Customer_239,Credit,Credit,21674.77,Delhi,ATM,Pending,828
1241,2024-08-28,2282,Customer_240,Savings,Debit,19524.17,Mumbai,Online,Pending,446
1242,2024-08-29,2957,Customer_241,Savings,Credit,34142.54,Kolkata,Bank,Rejected,603
1243,2024-08-30,2632,Customer_242,Current,Credit,11303.57,Delhi,Online,Approved,881
1244,2024-08-31,2627,Customer_243,Current,Credit,47523.08,Delhi,Bank,Approved,527
1245,2024-09-01,2972,Customer_244,Credit,Debit,39424.08,Chennai,ATM,Approved,401
1246,2024-09-02,2744,Customer_245,Current,Debit,4925.84,Chennai,ATM,Pending,886
1247,2024-09-03,2258,Customer_246,Credit,Debit,21170.25,Kolkata,ATM,Approved,716
1248,2024-09-04,2358,Customer_247,Current,Debit,44016.36,Mumbai,ATM,Pending,515
1249,2024-09-05,2709,Customer_248,Savings,Debit,47264.24,Delhi,Online,Pending,706
1250,2024-09-06,2455,Customer_249,Credit,Debit,23636.37,Kolkata,Online,Rejected,698
1251,2024-09-07,2410,Customer_250,Credit,Debit,30863.86,Delhi,ATM,Rejected,798
1252,2024-09-08,2648,Customer_251,Savings,Debit,8768.18,Delhi,ATM,Rejected,764
1253,2024-09-09,2317,Customer_252,Credit,Credit,49562.85,Mumbai,ATM,Rejected,381
1254,2024-09-10,2676,Customer_253,Credit,Credit,11967.75,Mumbai,Online,Rejected,664
1255,2024-09-11,2224,Customer_254,Current,Debit,47165.22,Kolkata,ATM,Pending,462
1256,2024-09-12,2818,Customer_255,Credit,Debit,32657.51,Mumbai,ATM,Pending,347
1257,2024-09-13,2233,Customer_256,Savings,Credit,30582.97,Mumbai,ATM,Approved,810
1258,2024-09-14,2683,Customer_257,Current,Debit,25878.08,Kolkata,Bank,Pending,628
1259,2024-09-15,2663,Customer_258,Current,Debit,11918.16,Mumbai,ATM,Pending,415
1260,2024-09-16,2974,Customer_259,Savings,Debit,9238.14,Chennai,Bank,Rejected,636
1261,2024-09-17,2826,Customer_260,Savings,Credit,11414.07,Delhi,Bank,Pending,446
1262,2024-09-18,2373,Customer_261,Current,Credit,9728.69,Delhi,ATM,Rejected,874
1263,2024-09-19,2671,Customer_262,Credit,Credit,39089.43,Delhi,Bank,Approved,622
1264,2024-09-20,2607,Customer_263,Current,Credit,17831.2,Delhi,ATM,Approved,742
1265,2024-09-21,2471,Customer_264,Savings,Credit,3363.21,Kolkata,Online,Pending,312
1266,2024-09-22,2232,Customer_265,Current,Debit,48470.58,Delhi,Online,Approved,793
1267,2024-09-23,2691,Customer_266,Savings,Credit,44247.4,Delhi,Online,Pending,586
1268,2024-09-24,2112,Customer_267,Current,Debit,46423.74,Delhi,Online,Approved,413
1269,2024-09-25,2829,Customer_268,Credit,Debit,49747.94,Delhi,Bank,Rejected,779
1270,2024-09-26,2496,Customer_269,Current,Credit,9107.81,Chennai,ATM,Rejected,321
1271,2024-09-27,2441,Customer_270,Current,Credit,20113.98,Delhi,ATM,Rejected,648
1272,2024-09-28,2563,Customer_271,Savings,Debit,38032.8,Chennai,ATM,Rejected,865
1273,2024-09-29,2267,Customer_272,Savings,Debit,34953.02,Kolkata,Online,Pending,619
1274,2024-09-30,2509,Customer_273,Savings,Debit,8117.85,Mumbai,Online,Approved,425
1275,2024-10-01,2806,Customer_274,Current,Credit,40883.74,Delhi,ATM,Pending,576
1276,2024-10-02,2385,Customer_275,Credit,Credit,11609.81,Mumbai,Online,Rejected,503
1277,2024-10-03,2386,Customer_276,Savings,Credit,11578.97,Mumbai,ATM,Pending,493
1278,2024-10-04,2112,Customer_277,Savings,Credit,27080.23,Kolkata,ATM,Approved,846
1279,2024-10-05,2612,Customer_278,Current,Credit,29850.53,Mumbai,ATM,Pending,585
1280,2024-10-06,2624,Customer_279,Savings,Debit,29214.27,Chennai,ATM,Approved,356
1281,2024-10-07,2951,Customer_280,Credit,Credit,5028.6,Mumbai,ATM,Pending,602
1282,2024-10-08,2080,Customer_281,Credit,Debit,43934.31,Mumbai,ATM,Approved,462
1283,2024-10-09,2698,Customer_282,Savings,Debit,13647.2,Mumbai,ATM,Approved,318
1284,2024-10-10,2112,Customer_283,Savings,Debit,6910.99,Delhi,Online,Rejected,669
1285,2024-10-11,2001,Customer_284,Current,Credit,44493.03,Delhi,ATM,Approved,563
1286,2024-10-12,2641,Customer_285,Credit,Credit,47804.75,Chennai,ATM,Rejected,412
1287,2024-10-13,2219,Customer_286,Credit,Credit,43175.32,Chennai,Online,Rejected,787
1288,2024-10-14,2565,Customer_287,Savings,Debit,40571.05,Delhi,Online,Rejected,626
1289,2024-10-15,2854,Customer_288,Current,Debit,32934.48,Chennai,Online,Pending,841
1290,2024-10-16,2996,Customer_289,Credit,Debit,27767.44,Delhi,ATM,Pending,878
1291,2024-10-17,2735,Customer_290,Credit,Debit,4805.84,Kolkata,Bank,Pending,364
1292,2024-10-18,2224,Customer_291,Current,Debit,20718.43,Mumbai,Bank,Pending,591
1293,2024-10-19,2384,Customer_292,Current,Debit,18948.08,Mumbai,Online,Approved,324
1294,2024-10-20,2402,Customer_293,Credit,Credit,13357.81,Chennai,Bank,Approved,848
1295,2024-10-21,2637,Customer_294,Credit,Credit,36309.3,Delhi,Online,Pending,300
1296,2024-10-22,2129,Customer_295,Current,Credit,25045.85,Delhi,ATM,Approved,848
1297,2024-10-23,2052,Customer_296,Credit,Credit,4511.79,Chennai,Bank,Approved,440
1298,2024-10-24,2683,Customer_297,Savings,Debit,11399.07,Delhi,ATM,Rejected,487
1299,2024-10-25,2729,Customer_298,Savings,Debit,34321.31,Kolkata,Bank,Rejected,427
1300,2024-10-26,2671,Customer_299,Current,Credit,4268.48,Mumbai,ATM,Rejected,500
1301,2024-10-27,2709,Customer_300,Current,Debit,42634.74,Chennai,Bank,Rejected,426
1302,2024-10-28,2415,Customer_301,Current,Credit,25009.75,Chennai,ATM,Approved,556
1303,2024-10-29,2246,Customer_302,Savings,Credit,24289.04,Delhi,ATM,Pending,846
1304,2024-10-30,2835,Customer_303,Credit,Credit,29824.19,Chennai,Bank,Approved,493
1305,2024-10-31,2438,Customer_304,Savings,Debit,41321.71,Kolkata,ATM,Approved,403
1306,2024-11-01,2202,Customer_305,Credit,Credit,17716.56,Delhi,ATM,Approved,834
1307,2024-11-02,2183,Customer_306,Savings,Credit,34061.8,Delhi,ATM,Rejected,564
1308,2024-11-03,2122,Customer_307,Credit,Credit,28503.73,Delhi,Bank,Rejected,683
1309,2024-11-04,2400,Customer_308,Savings,Debit,13717.9,Delhi,Bank,Rejected,559
1310,2024-11-05,2766,Customer_309,Current,Debit,43992.18,Kolkata,ATM,Pending,713
1311,2024-11-06,2293,Customer_310,Savings,Credit,39972.59,Delhi,ATM,Approved,657
1312,2024-11-07,2279,Customer_311,Credit,Debit,33093.37,Chennai,Bank,Pending,374
1313,2024-11-08,2836,Customer_312,Savings,Debit,42603.8,Kolkata,Bank,Rejected,654
1314,2024-11-09,2883,Customer_313,Savings,Debit,43431.06,Mumbai,ATM,Pending,883
1315,2024-11-10,2609,Customer_314,Savings,Debit,35563.97,Mumbai,ATM,Approved,487
1316,2024-11-11,2197,Customer_315,Current,Debit,41932.16,Chennai,ATM,Approved,589
1317,2024-11-12,2981,Customer_316,Savings,Debit,35024.84,Chennai,Online,Rejected,344
1318,2024-11-13,2906,Customer_317,Current,Debit,34166.97,Kolkata,Bank,Rejected,872
1319,2024-11-14,2510,Customer_318,Current,Debit,31121.26,Mumbai,Online,Pending,382
1320,2024-11-15,2751,Customer_319,Savings,Debit,37759.47,Mumbai,Bank,Rejected,422
1321,2024-11-16,2143,Customer_320,Savings,Debit,8350.95,Mumbai,Bank,Rejected,657
1322,2024-11-17,2608,Customer_321,Savings,Credit,44103.1,Mumbai,Bank,Approved,827
1323,2024-11-18,2200,Customer_322,Credit,Credit,43656.25,Mumbai,Bank,Rejected,365
1324,2024-11-19,2123,Customer_323,Savings,Debit,1947.74,Delhi,Bank,Rejected,674
1325,2024-11-20,2186,Customer_324,Current,Credit,41377.93,Chennai,Bank,Approved,461
1326,2024-11-21,2325,Customer_325,Savings,Credit,6879.06,Delhi,Bank,Approved,679
1327,2024-11-22,2463,Customer_326,Credit,Debit,17088.38,Mumbai,Online,Pending,657
1328,2024-11-23,2348,Customer_327,Savings,Debit,37303.66,Kolkata,ATM,Rejected,487
1329,2024-11-24,2770,Customer_328,Credit,Debit,8457.61,Kolkata,ATM,Approved,621
1330,2024-11-25,2659,Customer_329,Credit,Credit,40989.37,Mumbai,Online,Pending,749
1331,2024-11-26,2763,Customer_330,Savings,Credit,41690.64,Mumbai,Online,Pending,773
1332,2024-11-27,2954,Customer_331,Current,Debit,25619.65,Kolkata,Online,Rejected,312
1333,2024-11-28,2931,Customer_332,Credit,Debit,816.1,Delhi,Online,Rejected,483
1334,2024-11-29,2402,Customer_333,Savings,Debit,14708.39,Delhi,Bank,Pending,410
1335,2024-11-30,2345,Customer_334,Savings,Credit,31037.88,Mumbai,ATM,Approved,807
1336,2024-12-01,2962,Customer_335,Current,Credit,49068.72,Delhi,Bank,Pending,589
1337,2024-12-02,2510,Customer_336,Credit,Credit,31774.77,Kolkata,ATM,Rejected,594
1338,2024-12-03,2146,Customer_337,Credit,Credit,13360.28,Delhi,ATM,Approved,750
1339,2024-12-04,2147,Customer_338,Savings,Debit,31883.28,Mumbai,Online,Approved,514
1340,2024-12-05,2863,Customer_339,Savings,Debit,27229.28,Kolkata,Bank,Pending,866
1341,2024-12-06,2710,Customer_340,Current,Debit,39102.35,Delhi,Online,Rejected,326
1342,2024-12-07,2819,Customer_341,Current,Debit,5795.54,Chennai,Bank,Pending,530
1343,2024-12-08,2488,Customer_342,Credit,Credit,38170.88,Kolkata,ATM,Pending,864
1344,2024-12-09,2928,Customer_343,Credit,Credit,27292.7,Kolkata,Online,Pending,620
1345,2024-12-10,2935,Customer_344,Savings,Debit,48168.1,Chennai,Online,Approved,532
1346,2024-12-11,2639,Customer_345,Credit,Debit,17422.67,Chennai,ATM,Approved,736
1347,2024-12-12,2550,Customer_346,Current,Credit,31814.78,Kolkata,ATM,Rejected,832
1348,2024-12-13,2337,Customer_347,Current,Debit,46635.39,Chennai,ATM,Rejected,702
1349,2024-12-14,2871,Customer_348,Savings,Credit,5574.23,Mumbai,Online,Pending,352
1350,2024-12-15,2640,Customer_349,Current,Debit,46892.81,Mumbai,Bank,Pending,612
1351,2024-12-16,2778,Customer_350,Current,Debit,34550.34,Mumbai,Online,Pending,580
1352,2024-12-17,2987,Customer_351,Current,Debit,3857.93,Kolkata,Bank,Rejected,330
1353,2024-12-18,2952,Customer_352,Current,Debit,15397.7,Chennai,Online,Approved,636
1354,2024-12-19,2472,Customer_353,Savings,Debit,35554.52,Chennai,Online,Approved,482
1355,2024-12-20,2945,Customer_354,Savings,Debit,3833.85,Delhi,ATM,Pending,322
1356,2024-12-21,2150,Customer_355,Credit,Debit,29317.44,Delhi,Bank,Pending,843
1357,2024-12-22,2414,Customer_356,Current,Credit,17621.21,Chennai,Online,Pending,745
1358,2024-12-23,2989,Customer_357,Credit,Credit,31235.32,Chennai,Online,Pending,373
1359,2024-12-24,2297,Customer_358,Savings,Credit,2764.23,Chennai,ATM,Rejected,309
1360,2024-12-25,2610,Customer_359,Savings,Credit,43641.07,Kolkata,ATM,Approved,783
1361,2024-12-26,2262,Customer_360,Savings,Credit,48687.7,Chennai,Bank,Pending,755
1362,2024-12-27,2763,Customer_361,Savings,Debit,48459.45,Delhi,Online,Rejected,865
1363,2024-12-28,2143,Customer_362,Savings,Debit,37607.77,Kolkata,Bank,Pending,863
1364,2024-12-29,2345,Customer_363,Savings,Credit,6939.27,Chennai,Online,Pending,459
1365,2024-12-30,2623,Customer_364,Savings,Debit,38034.03,Delhi,Bank,Approved,313
1366,2024-12-31,2571,Customer_365,Current,Credit,1717.05,Kolkata,ATM,Pending,477
1367,2025-01-01,2880,Customer_366,Credit,Credit,1595.12,Chennai,Online,Approved,711
1368,2025-01-02,2001,Customer_367,Savings,Debit,16518.71,Chennai,Bank,Approved,352
1369,2025-01-03,2896,Customer_368,Current,Debit,24687.84,Chennai,ATM,Approved,707
1370,2025-01-04,2303,Customer_369,Current,Debit,38635.17,Kolkata,ATM,Rejected,321
1371,2025-01-05,2253,Customer_370,Credit,Credit,34323.12,Delhi,Bank,Rejected,329
1372,2025-01-06,2651,Customer_371,Savings,Debit,22572.18,Delhi,Online,Approved,559
1373,2025-01-07,2452,Customer_372,Credit,Credit,14044.52,Mumbai,Online,Pending,504
1374,2025-01-08,2036,Customer_373,Savings,Credit,49857.66,Chennai,ATM,Approved,358
1375,2025-01-09,2159,Customer_374,Current,Credit,21595.97,Mumbai,Online,Pending,770
1376,2025-01-10,2008,Customer_375,Current,Debit,22843.66,Mumbai,Online,Approved,765
1377,2025-01-11,2232,Customer_376,Current,Debit,8599.38,Delhi,Online,Pending,311
1378,2025-01-12,2098,Customer_377,Current,Credit,39843.07,Kolkata,ATM,Rejected,589
1379,2025-01-13,2658,Customer_378,Credit,Debit,34837.27,Kolkata,Bank,Pending,653
1380,2025-01-14,2815,Customer_379,Savings,Debit,11428.1,Delhi,Online,Approved,374
1381,2025-01-15,2207,Customer_380,Savings,Debit,4577.86,Kolkata,ATM,Rejected,860
1382,2025-01-16,2130,Customer_381,Credit,Credit,34184.72,Mumbai,ATM,Pending,890
1383,2025-01-17,2403,Customer_382,Savings,Credit,32898.31,Chennai,Bank,Pending,740
1384,2025-01-18,2151,Customer_383,Current,Debit,14026.35,Delhi,Online,Pending,540
1385,2025-01-19,2053,Customer_384,Savings,Credit,47567.75,Chennai,Online,Pending,453
1386,2025-01-20,2119,Customer_385,Current,Debit,7977.37,Kolkata,Bank,Pending,395
1387,2025-01-21,2672,Customer_386,Credit,Debit,21900.57,Chennai,Bank,Rejected,593
1388,2025-01-22,2919,Customer_387,Savings,Debit,47208.99,Kolkata,ATM,Rejected,508
1389,2025-01-23,2627,Customer_388,Credit,Debit,21276.5,Kolkata,ATM,Rejected,642
1390,2025-01-24,2586,Customer_389,Savings,Credit,32107.03,Mumbai,Bank,Rejected,387
1391,2025-01-25,2624,Customer_390,Current,Credit,20180.92,Kolkata,Online,Approved,689
1392,2025-01-26,2967,Customer_391,Credit,Credit,14073.65,Mumbai,ATM,Rejected,624
1393,2025-01-27,2419,Customer_392,Savings,Debit,49206.89,Mumbai,ATM,Pending,456
1394,2025-01-28,2421,Customer_393,Current,Debit,20762.03,Mumbai,Online,Pending,876
1395,2025-01-29,2103,Customer_394,Credit,Debit,44757.91,Delhi,ATM,Rejected,436
1396,2025-01-30,2851,Customer_395,Credit,Credit,11882.75,Delhi,Online,Pending,727
1397,2025-01-31,2253,Customer_396,Savings,Debit,11048.68,Kolkata,Online,Rejected,751
1398,2025-02-01,2226,Customer_397,Savings,Credit,2041.14,Mumbai,Online,Pending,440
1399,2025-02-02,2111,Customer_398,Savings,Credit,32757.51,Delhi,Bank,Approved,382
1400,2025-02-03,2509,Customer_399,Current,Credit,18742.05,Mumbai,Bank,Approved,476
1401,2025-02-04,2472,Customer_400,Savings,Credit,43285.73,Chennai,Bank,Rejected,497
1402,2025-02-05,2098,Customer_401,Credit,Credit,23923.89,Chennai,Online,Rejected,867
1403,2025-02-06,2152,Customer_402,Credit,Credit,48425.57,Chennai,Online,Rejected,720
1404,2025-02-07,2860,Customer_403,Savings,Debit,9683.51,Kolkata,Bank,Pending,700
1405,2025-02-08,2913,Customer_404,Savings,Debit,43496.85,Mumbai,ATM,Rejected,770
1406,2025-02-09,2895,Customer_405,Credit,Credit,38941.54,Chennai,Online,Approved,517
1407,2025-02-10,2877,Customer_406,Current,Credit,38660.63,Delhi,ATM,Pending,474
1408,2025-02-11,2337,Customer_407,Savings,Debit,42316.77,Chennai,ATM,Rejected,322
1409,2025-02-12,2705,Customer_408,Savings,Credit,38170.69,Chennai,Online,Pending,534
1410,2025-02-13,2821,Customer_409,Credit,Credit,31497.91,Chennai,Online,Pending,312
1411,2025-02-14,2162,Customer_410,Savings,Debit,6996.62,Kolkata,ATM,Rejected,400
1412,2025-02-15,2719,Customer_411,Current,Credit,2110.05,Delhi,ATM,Pending,835
1413,2025-02-16,2956,Customer_412,Credit,Credit,46081.97,Mumbai,Bank,Approved,822
1414,2025-02-17,2680,Customer_413,Savings,Credit,31024.19,Delhi,Bank,Approved,751
1415,2025-02-18,2995,Customer_414,Credit,Debit,39928.6,Mumbai,Online,Pending,730
1416,2025-02-19,2160,Customer_415,Savings,Debit,24335.36,Kolkata,Bank,Rejected,832
1417,2025-02-20,2579,Customer_416,Savings,Debit,6306.76,Kolkata,Bank,Pending,592
1418,2025-02-21,2800,Customer_417,Savings,Credit,6696.7,Kolkata,Bank,Approved,400
1419,2025-02-22,2397,Customer_418,Current,Credit,34435.48,Kolkata,Bank,Pending,801
1420,2025-02-23,2276,Customer_419,Current,Debit,21800.14,Mumbai,ATM,Pending,603
1421,2025-02-24,2815,Customer_420,Credit,Credit,10425.97,Chennai,Online,Approved,839
1422,2025-02-25,2915,Customer_421,Savings,Credit,24833.93,Mumbai,Bank,Pending,852
1423,2025-02-26,2503,Customer_422,Savings,Credit,3678.34,Delhi,ATM,Pending,654
1424,2025-02-27,2895,Customer_423,Current,Credit,29307.58,Kolkata,ATM,Rejected,602
1425,2025-02-28,2391,Customer_424,Savings,Credit,13815.17,Kolkata,ATM,Rejected,795
1426,2025-03-01,2134,Customer_425,Current,Debit,39979.18,Delhi,Bank,Approved,526
1427,2025-03-02,2194,Customer_426,Savings,Credit,15862.92,Mumbai,Bank,Approved,535
1428,2025-03-03,2400,Customer_427,Credit,Debit,23033.4,Chennai,Online,Approved,754
1429,2025-03-04,2639,Customer_428,Savings,Credit,1075.22,Chennai,Bank,Rejected,312
1430,2025-03-05,2032,Customer_429,Savings,Debit,4086.12,Delhi,Bank,Approved,509
1431,2025-03-06,2687,Customer_430,Current,Credit,19928.43,Chennai,ATM,Approved,696
1432,2025-03-07,2459,Customer_431,Savings,Debit,24256.97,Mumbai,Online,Approved,399
1433,2025-03-08,2954,Customer_432,Savings,Credit,30201.02,Mumbai,Bank,Rejected,330
1434,2025-03-09,2882,Customer_433,Current,Debit,14937.3,Delhi,Bank,Pending,827
1435,2025-03-10,2469,Customer_434,Credit,Credit,34901.6,Mumbai,ATM,Approved,628
1436,2025-03-11,2374,Customer_435,Credit,Debit,43076.06,Kolkata,ATM,Pending,465
1437,2025-03-12,2021,Customer_436,Current,Credit,39102.62,Delhi,Bank,Approved,758
1438,2025-03-13,2749,Customer_437,Current,Debit,2461.13,Mumbai,Online,Pending,399
1439,2025-03-14,2669,Customer_438,Current,Debit,24285.09,Delhi,Online,Rejected,472
1440,2025-03-15,2037,Customer_439,Current,Credit,5694.04,Chennai,ATM,Rejected,461
1441,2025-03-16,2229,Customer_440,Current,Credit,12481.23,Mumbai,ATM,Approved,562
1442,2025-03-17,2364,Customer_441,Credit,Debit,49339.8,Kolkata,Bank,Pending,573
1443,2025-03-18,2562,Customer_442,Credit,Credit,7553.53,Mumbai,ATM,Rejected,302
1444,2025-03-19,2437,Customer_443,Current,Debit,25194.96,Delhi,Bank,Approved,327
1445,2025-03-20,2775,Customer_444,Savings,Debit,31098.71,Delhi,Online,Approved,625
1446,2025-03-21,2282,Customer_445,Current,Debit,35272.02,Mumbai,Online,Rejected,448
1447,2025-03-22,2026,Customer_446,Savings,Credit,28202.61,Kolkata,Bank,Rejected,839
1448,2025-03-23,2225,Customer_447,Current,Debit,983.66,Kolkata,ATM,Approved,787
1449,2025-03-24,2276,Customer_448,Current,Debit,16659.83,Kolkata,Online,Pending,737
1450,2025-03-25,2797,Customer_449,Credit,Credit,26126.73,Delhi,ATM,Pending,364
1451,2025-03-26,2608,Customer_450,Savings,Credit,4849.39,Mumbai,Online,Pending,655
1452,2025-03-27,2283,Customer_451,Savings,Credit,17856.03,Chennai,Bank,Approved,832
1453,2025-03-28,2878,Customer_452,Credit,Credit,2143.55,Delhi,Bank,Rejected,551
1454,2025-03-29,2959,Customer_453,Credit,Debit,4389.64,Kolkata,Bank,Approved,534
1455,2025-03-30,2480,Customer_454,Credit,Debit,20147.7,Mumbai,Online,Rejected,526
1456,2025-03-31,2452,Customer_455,Credit,Debit,7069.43,Kolkata,ATM,Pending,824
1457,2025-04-01,2828,Customer_456,Savings,Debit,28593.27,Chennai,ATM,Pending,612
1458,2025-04-02,2815,Customer_457,Savings,Credit,34628.52,Kolkata,ATM,Rejected,348
1459,2025-04-03,2658,Customer_458,Current,Debit,40129.04,Kolkata,Online,Rejected,417
1460,2025-04-04,2515,Customer_459,Current,Debit,10407.44,Chennai,Online,Approved,353
1461,2025-04-05,2546,Customer_460,Credit,Credit,8790.39,Mumbai,Online,Pending,864
1462,2025-04-06,2191,Customer_461,Credit,Debit,5676.11,Delhi,Online,Approved,343
1463,2025-04-07,2048,Customer_462,Credit,Debit,32003.3,Mumbai,Online,Approved,352
1464,2025-04-08,2511,Customer_463,Current,Debit,35470.55,Chennai,ATM,Approved,885
1465,2025-04-09,2016,Customer_464,Current,Debit,2063.51,Kolkata,Online,Pending,857
1466,2025-04-10,2171,Customer_465,Current,Debit,46842.51,Mumbai,Online,Approved,824
1467,2025-04-11,2219,Customer_466,Current,Debit,3072.58,Delhi,ATM,Approved,401
1468,2025-04-12,2157,Customer_467,Current,Credit,27294.17,Chennai,Online,Approved,697
1469,2025-04-13,2476,Customer_468,Current,Credit,35598.5,Mumbai,ATM,Approved,437
1470,2025-04-14,2045,Customer_469,Current,Debit,43612.97,Delhi,ATM,Approved,686
1471,2025-04-15,2372,Customer_470,Credit,Debit,35847.3,Chennai,Bank,Approved,410
1472,2025-04-16,2517,Customer_471,Credit,Credit,40185.54,Delhi,Bank,Pending,316
1473,2025-04-17,2098,Customer_472,Credit,Debit,17302.78,Chennai,Bank,Approved,481
1474,2025-04-18,2891,Customer_473,Credit,Debit,40833.84,Kolkata,Bank,Rejected,835
1475,2025-04-19,2744,Customer_474,Current,Debit,4465.68,Mumbai,Online,Approved,840
1476,2025-04-20,2036,Customer_475,Savings,Credit,44793.42,Delhi,Bank,Approved,470
1477,2025-04-21,2279,Customer_476,Current,Debit,27605.82,Chennai,ATM,Pending,708
1478,2025-04-22,2348,Customer_477,Savings,Credit,40956.24,Delhi,Online,Pending,677
1479,2025-04-23,2496,Customer_478,Credit,Debit,22889.76,Delhi,Bank,Rejected,487
1480,2025-04-24,2301,Customer_479,Current,Credit,32357.1,Mumbai,ATM,Rejected,529
1481,2025-04-25,2180,Customer_480,Credit,Credit,26556.93,Kolkata,Online,Pending,418
1482,2025-04-26,2606,Customer_481,Current,Debit,36713.68,Delhi,Online,Pending,455
1483,2025-04-27,2098,Customer_482,Credit,Credit,4540.68,Chennai,Bank,Approved,764
1484,2025-04-28,2699,Customer_483,Savings,Debit,3487.43,Chennai,Online,Pending,403
1485,2025-04-29,2992,Customer_484,Savings,Credit,12731.61,Kolkata,ATM,Rejected,801
1486,2025-04-30,2115,Customer_485,Savings,Debit,8397.46,Chennai,Online,Approved,474
1487,2025-05-01,2190,Customer_486,Current,Debit,43653.29,Kolkata,ATM,Rejected,720
1488,2025-05-02,2252,Customer_487,Savings,Credit,11351.09,Chennai,Online,Approved,433
1489,2025-05-03,2980,Customer_488,Current,Debit,48805.33,Mumbai,Bank,Pending,690
1490,2025-05-04,2927,Customer_489,Savings,Debit,17176.34,Delhi,ATM,Rejected,800
1491,2025-05-05,2982,Customer_490,Savings,Credit,9514.84,Mumbai,Online,Approved,332
1492,2025-05-06,2160,Customer_491,Current,Debit,39590.08,Delhi,Online,Approved,354
1493,2025-05-07,2255,Customer_492,Current,Debit,33106.03,Delhi,Online,Pending,818
1494,2025-05-08,2322,Customer_493,Savings,Credit,25160.69,Delhi,ATM,Pending,311
1495,2025-05-09,2127,Customer_494,Current,Credit,27990.5,Mumbai,ATM,Pending,827
1496,2025-05-10,2017,Customer_495,Savings,Debit,36100.49,Delhi,ATM,Rejected,854
1497,2025-05-11,2792,Customer_496,Current,Debit,11808.51,Mumbai,Bank,Approved,672
1498,2025-05-12,2734,Customer_497,Credit,Credit,49818.53,Kolkata,Bank,Pending,783
1499,2025-05-13,2565,Customer_498,Credit,Credit,48752.26,Chennai,ATM,Rejected,527
1500,2025-05-14,2569,Customer_499,Credit,Debit,32691.12,Chennai,Online,Rejected,606
